{"cameraMode":{"drawMode":0,"name":"Shaded","section":"Shading Mode"},"sceneLighting":false,"audioPlay":false,"sceneViewState":{"showFog":true,"showMaterialUpdate":true,"showSkybox":false,"showFlares":true,"showImageEffects":true,"showParticleSystems":true},"in2DMode":false,"pivot":{"x":2.362766742706299,"y":0.9759297370910645,"z":-7.132872104644775},"rotation":{"x":0.056611619889736179,"y":-0.690826416015625,"z":-0.0544123575091362,"w":-0.718748152256012},"size":2.00075101852417,"orthographic":false}