{"cameraMode":{"drawMode":0,"name":"Shaded","section":"Shading Mode"},"sceneLighting":false,"audioPlay":false,"sceneViewState":{"showFog":true,"showMaterialUpdate":true,"showSkybox":false,"showFlares":true,"showImageEffects":true,"showParticleSystems":true},"in2DMode":false,"pivot":{"x":0.0,"y":1.3300000429153443,"z":-3.7899999618530275},"rotation":{"x":-0.011728049255907536,"y":0.7162805199623108,"z":-0.012041070498526097,"w":-0.6976174712181091},"size":2.601081609725952,"orthographic":false}