{"cameraMode":{"drawMode":0,"name":"Shaded","section":"Shading Mode"},"sceneLighting":false,"audioPlay":false,"sceneViewState":{"showFog":true,"showMaterialUpdate":true,"showSkybox":false,"showFlares":true,"showImageEffects":true,"showParticleSystems":true},"in2DMode":false,"pivot":{"x":0.30031105875968935,"y":-0.23278415203094483,"z":0.7616465091705322},"rotation":{"x":0.0015107558574527503,"y":0.9901031851768494,"z":-0.13992924988269807,"w":0.010689680464565754},"size":2.467205286026001,"orthographic":false}