{"cameraMode":{"drawMode":0,"name":"Shaded","section":"Shading Mode"},"sceneLighting":false,"audioPlay":false,"sceneViewState":{"showFog":true,"showMaterialUpdate":true,"showSkybox":false,"showFlares":true,"showImageEffects":true,"showParticleSystems":true},"in2DMode":false,"pivot":{"x":7.110000133514404,"y":1.2200000286102296,"z":8.1899995803833},"rotation":{"x":0.050314292311668399,"y":0.9495869278907776,"z":-0.2257460057735443,"w":0.21164445579051972},"size":1.3967692852020264,"orthographic":false}