{"cameraMode":{"drawMode":0,"name":"Shaded","section":"Shading Mode"},"sceneLighting":false,"audioPlay":false,"sceneViewState":{"showFog":true,"showMaterialUpdate":true,"showSkybox":false,"showFlares":true,"showImageEffects":true,"showParticleSystems":true},"in2DMode":false,"pivot":{"x":-6.865579605102539,"y":1.232096791267395,"z":-1.0684199333190919},"rotation":{"x":0.0003461429150775075,"y":-0.999656617641449,"z":0.018893884494900705,"w":0.018291490152478219},"size":3.3422956466674806,"orthographic":false}