{"cameraMode":{"drawMode":0,"name":"Shaded","section":"Shading Mode"},"sceneLighting":false,"audioPlay":false,"sceneViewState":{"showFog":true,"showMaterialUpdate":true,"showSkybox":false,"showFlares":true,"showImageEffects":true,"showParticleSystems":true},"in2DMode":false,"pivot":{"x":-6.599999904632568,"y":1.2300000190734864,"z":5.558414459228516},"rotation":{"x":0.0015107558574527503,"y":0.9901031851768494,"z":-0.13992924988269807,"w":0.010689680464565754},"size":1.5422953367233277,"orthographic":false}