{"cameraMode":{"drawMode":0,"name":"Shaded","section":"Shading Mode"},"sceneLighting":false,"audioPlay":false,"sceneViewState":{"showFog":true,"showMaterialUpdate":true,"showSkybox":false,"showFlares":true,"showImageEffects":true,"showParticleSystems":true},"in2DMode":false,"pivot":{"x":0.0326383113861084,"y":1.1724371910095215,"z":0.0815122127532959},"rotation":{"x":0.027480365708470346,"y":-0.894900381565094,"z":-0.055646512657403949,"w":-0.4419339597225189},"size":1.7631428241729737,"orthographic":false}