{"cameraMode":{"drawMode":0,"name":"Shaded","section":"Shading Mode"},"sceneLighting":true,"audioPlay":false,"sceneViewState":{"showFog":true,"showMaterialUpdate":true,"showSkybox":true,"showFlares":true,"showImageEffects":true,"showParticleSystems":true},"in2DMode":false,"pivot":{"x":0.35138338804244997,"y":1.8891687393188477,"z":5.047167778015137},"rotation":{"x":0.04438299313187599,"y":0.004496633540838957,"z":-0.00019752737716771662,"w":0.9990082383155823},"size":1.5229151248931885,"orthographic":false}